{
    "customerId":0,
    "age":[
        18,
        19,
        20,
        21,
        22,
        23,
        24,
        25,
        26,
        27,
        28,
        29,
        30,
        31,
        32,
        33,
        34,
        35,
        36,
        37,
        38,
        39,
        40,
        41,
        42,
        43,
        44,
        45,
        46,
        47,
        48,
        49,
        50,
        51,
        52,
        53,
        54,
        55,
        56,
        57,
        58,
        59,
        60,
        61,
        62,
        63,
        64,
        65,
        66,
        67,
        68,
        69,
        70,
        71,
        72,
        73,
        74,
        75,
        76,
        77,
        78,
        79,
        80,
        81,
        82,
        83,
        84,
        85
    ],
    "totalFinAsset":[
        1253000.0,
        1402415.0,
        1570886.4,
        1885760.2,
        2259792.5,
        2700202.0,
        3485276.0,
        4387583.0,
        5420920.0,
        6600399.5,
        7893888.5,
        9369909.0,
        1.1052046E7,
        1.2966874E7,
        1.5144338E7,
        1.7618186E7,
        2.042646E7,
        2.3612036E7,
        2.726315E7,
        3.1446194E7,
        3.6236928E7,
        4.1721824E7,
        4.7999564E7,
        5.5182748E7,
        6.3399884E7,
        7.27976E7,
        8.35432E7,
        9.58276E7,
        1.09868624E8,
        1.25914816E8,
        1.44249744E8,
        1.65196928E8,
        1.88728864E8,
        2.15164848E8,
        2.44865168E8,
        2.78236512E8,
        3.15738272E8,
        3.57889632E8,
        4.05277344E8,
        4.58565216E8,
        5.18504224E8,
        5.8594445E8,
        6.6077165E8,
        7.4470547E8,
        8.3897446E8,
        9.4497914E8,
        1.06431565E9,
        1.19880358E9,
        1.35051763E9,
        1.52182374E9,
        1.71541926E9,
        1.93438118E9,
        2.05406234E9,
        2.1944983E9,
        2.34512589E9,
        2.50672026E9,
        2.6801193E9,
        2.86622541E9,
        3.06601318E9,
        3.28053427E9,
        3.51092403E9,
        3.75840794E9,
        4.02430848E9,
        4.3100544E9,
        4.6171884E9,
        4.9473761E9,
        5.3024164E9,
        5.6842532E9
    ],
    "totalFinAssetOnlyFD":[
        1253000.0,
        1402415.0,
        1570886.4,
        1885760.2,
        2259792.5,
        2700202.0,
        3485276.0,
        4387583.0,
        5420920.0,
        6600399.5,
        7893888.5,
        9369909.0,
        1.1052046E7,
        1.2966874E7,
        1.5144338E7,
        1.7618186E7,
        2.042646E7,
        2.3612036E7,
        2.726315E7,
        3.1446194E7,
        3.6236928E7,
        4.1721824E7,
        4.7999564E7,
        5.5182748E7,
        6.3399884E7,
        7.27976E7,
        8.35432E7,
        9.58276E7,
        1.09868624E8,
        1.25914816E8,
        1.44249744E8,
        1.65196928E8,
        1.88728864E8,
        2.15164848E8,
        2.44865168E8,
        2.78236512E8,
        3.15738272E8,
        3.57889632E8,
        4.05277344E8,
        4.58565216E8,
        5.18504224E8,
        5.8594445E8,
        6.6077165E8,
        7.4470547E8,
        8.3897446E8,
        9.4497914E8,
        1.06431565E9,
        1.19880358E9,
        1.35051763E9,
        1.52182374E9,
        1.71541926E9,
        1.93438118E9,
        2.05406234E9,
        2.1944983E9,
        2.34512589E9,
        2.50672026E9,
        2.6801193E9,
        2.86622541E9,
        3.06601318E9,
        3.28053427E9,
        3.51092403E9,
        3.75840794E9,
        4.02430848E9,
        4.3100544E9,
        4.6171884E9,
        4.9473761E9,
        5.3024164E9,
        5.6842532E9
    ],
    "totalLiabilities":[
        1115961.5,
        1115961.5,
        1115961.5,
        1221076.9,
        1338806.1,
        1230662.9,
        1378342.4,
        1543743.5,
        1728992.8,
        1936471.9,
        2110754.5,
        2300722.5,
        2507787.5,
        2733488.5,
        2979502.5,
        3247657.8,
        3539947.0,
        3823143.0,
        4128994.5,
        4459314.0,
        4816059.5,
        5201344.5,
        5617452.5,
        6066849.0,
        6552197.0,
        7076373.0,
        7642483.0,
        8253882.0,
        8914193.0,
        9627329.0,
        1.0397516E7,
        1.1229318E7,
        1.2127664E7,
        1.3097878E7,
        1.4145709E7,
        1.5277366E7,
        1.6499556E7,
        1.7819522E7,
        1.9245084E7,
        2.0784692E7,
        2.2447468E7,
        2.4243266E7,
        2.5455428E7,
        2.6728198E7,
        2.8064606E7,
        2.9467834E7,
        3.0941224E7,
        3.2488284E7,
        3.4112696E7,
        3.5818328E7,
        3.7609244E7,
        3.9489704E7,
        2.9617278E7,
        3.109814E7,
        3.2653046E7,
        3.4285696E7,
        3.599998E7,
        3.7799976E7,
        3.9689972E7,
        4.1674468E7,
        4.3758188E7,
        4.5946096E7,
        4.82434E7,
        5.0655568E7,
        5.3188344E7,
        5.584776E7,
        5.8640144E7,
        6.1572148E7
    ],
    "statusCheck":[
        1,
        1,
        1,
        1,
        1,
        1,
        1,
        1,
        1,
        1,
        1,
        1,
        1,
        1,
        1,
        1,
        1,
        1,
        1,
        1,
        1,
        1,
        1,
        1,
        1,
        1,
        1,
        1,
        1,
        1,
        1,
        1,
        1,
        1,
        1,
        1,
        1,
        1,
        1,
        1,
        1,
        1,
        1,
        1,
        1,
        1,
        1,
        1,
        1,
        1,
        1,
        1,
        1,
        1,
        1,
        1,
        1,
        1,
        1,
        1,
        1,
        1,
        1,
        1,
        1,
        1,
        1,
        1
    ],
    "lifeGoals":[
        {
            "goalDescriptionId":1,
            "goalDescription":"Self Marriage",
            "yearofRealization":2022,
            "age":24,
            "frequency":0,
            "loanYesNo":"Yes",
            "estimatedAmount":5000.0,
            "inflatedAmount" : 7678
        }
    ],
    "fpmasterassumption":{
        "fpmiscassumptions":{
            "assumptionId":0,
            "customerTempRegId":0,
            "retirementAge":69,
            "lifeExpectancy":85,
            "amountInvestedToMmf":80.0,
            "rateOfGrowthOfFd":7.0,
            "longTermInflationExpectation":5.0,
            "postRetirementRecurringExpense":75.0
        },
        "fpfinassetgrowthassumption":[
            {
                "financialAssetId":1,
                "financialAssetName":"Cash, Bank Deposits & Liquid Debt Mutual Funds",
                "growthRate":0.0
            },
            {
                "financialAssetId":2,
                "financialAssetName":"Fixed Income (Provident Funds, Debt Mutual Funds, Bonds, KVP, NSC, etc.)",
                "growthRate":8.0
            },
            {
                "financialAssetId":3,
                "financialAssetName":"Gold (ETF, Physical)",
                "growthRate":5.0
            },
            {
                "financialAssetId":4,
                "financialAssetName":"Equity (Mutual Funds, Shares)",
                "growthRate":12.0
            },
            {
                "financialAssetId":5,
                "financialAssetName":"Total Real Estate",
                "growthRate":10.0
            },
            {
                "financialAssetId":6,
                "financialAssetName":"Others",
                "growthRate":8.0
            }
        ],
        "fploanassumptions":[
            {
                "loanAssumptionId":1,
                "assumptionId":0,
                "customerTempRegId":0,
                "loanTypeDescription":"EDUCATION",
                "loanDuration":10,
                "interestRate":12.0,