{"customerId":0,"name":"","age":[21,22,23,24,25,26,27,28,29,30,31,32,33,34,35,36,37,38,39,40,41,42,43,44,45,46,47,48,49,50,51,52,53,54,55,56,57,58,59,60,61,62,63,64,65,66,67,68,69,70,71,72,73,74,75,76,77,78,79,80,81,82,83,84,85],"year":[2017,2018,2019,2020,2021,2022,2023,2024,2025,2026,2027,2028,2029,2030,2031,2032,2033,2034,2035,2036,2037,2038,2039,2040,2041,2042,2043,2044,2045,2046,2047,2048,2049,2050,2051,2052,2053,2054,2055,2056,2057,2058,2059,2060,2061,2062,2063,2064,2065,2066,2067,2068,2069,2070,2071,2072,2073,2074,2075,2076,2077,2078,2079,2080,2081],"totalFinAsset":[430000.0,738260.3,1102302.8,1530058.6,2030471.5,2613618.8,1854461.5,1603619.5,1358812.8,1124433.0,906480.75,730163.6,599713.9,518502.62,490144.56,522800.38,1412384.0,2448544.8,3663432.5,5081549.5,6730463.0,8641175.0,1.0848527E7,1.3391662E7,1.6314529E7,1.9666456E7,2.3502784E7,2.7885572E7,3.2884398E7,3.8473212E7,4.4715056E7,5.1679572E7,5.9443664E7,6.809228E7,7.7719256E7,8.8428248E7,1.00333752E8,1.13562288E8,1.28253648E8,1.44279856E8,1.53053984E8,1.63274848E8,1.74222368E8,1.8595096E8,1.98519296E8,2.11990608E8,2.26433136E8,2.41920384E8,2.58531728E8,2.76352672E8,2.95475584E8,3.16E8,3.38033376E8,3.61691776E8,3.8710032E8,4.14394144E8,4.43719136E8,4.75232832E8,5.09105248E8,5.4552013E8,5.846759E8,6.2678682E8,6.7208429E8,7.2081843E8,7.7325952E8],"totalFinAssetOnlyFD":[430000.0,729484.0,1074317.9,1469809.1,1921812.8,2436784.0,1629180.2,1335490.0,1053826.1,794996.06,575956.3,399639.2,269189.38,187978.12,159620.0,192275.81,1081859.4,2068550.0,3197186.0,4483534.0,5944929.5,7600427.0,9470957.0,1.1579504E7,1.3951296E7,1.6614012E7,1.9598008E7,2.2936566E7,2.6666158E7,3.0722728E7,3.5129236E7,3.9909996E7,4.5090732E7,5.0698652E7,5.6762492E7,6.3312604E7,7.0381E7,7.8001416E7,8.6209408E7,9.4759976E7,9.9374432E7,1.05086224E8,1.11145888E8,1.17576048E8,1.24400872E8,1.31646248E8,1.39339856E8,1.4751128E8,1.56192256E8,1.65416704E8,1.75220992E8,1.85644032E8,1.96727568E8,2.08516256E8,2.2105808E8,2.34404368E8,2.4861024E8,2.63734784E8,2.79841376E8,2.96998144E8,3.15278048E8,3.34759488E8,3.55526624E8,3.77669952E8,4.01286528E8],"totalLiabilities":[118800.01,133056.02,149022.73,166905.47,186934.12,1510911.4,1025522.75,1046626.9,1069630.4,1094704.1,1122034.6,1151824.8,1184296.1,1219689.9,1253982.5,499985.88,539984.75,583183.56,629838.25,680225.3,734643.4,793414.9,856888.1,925439.2,999474.4,1079432.4,1165787.0,1259050.0,1359774.0,1468556.0,1586040.5,1712923.8,1849957.8,1997954.5,2157791.0,2330414.2,2516847.5,2718195.5,2935651.2,3082433.8,2427416.5,2548787.2,2676226.5,2810037.8,2950539.5,3098066.2,3252969.5,3415617.8,3586398.5,3765718.2,3954004.0,4151704.0,4359289.0,4577253.0,4806115.5,5046421.0,5298742.0,5563679.0,5841862.5,6133955.5,6440653.0,6762685.5,7100819.5,7455860.0,7828652.5],"statusCheck":[1,1,1,1,1,1,1,1,1,1,0,0,0,0,0,1,1,1,1,1,1,1,1,1,1,1,1,1,1,1,1,1,1,1,1,1,1,1,1,1,1,1,1,1,1,1,1,1,1,1,1,1,1,1,1,1,1,1,1,1,1,1,1,1,1],"statusCheckforAssetLineWithFDOnly":[1,1,1,1,1,1,1,1,0,0,0,0,0,0,0,0,1,1,1,1,1,1,1,1,1,1,1,1,1,1,1,1,1,1,1,1,1,1,1,1,1,1,1,1,1,1,1,1,1,1,1,1,1,1,1,1,1,1,1,1,1,1,1,1,1],"lifeGoals":[{"goalDescriptionId":8,"goalDescription":"Self Higher study","yearofRealization":2022,"age":26,"frequency":0,"frequencyDesc":"Only once","loanYesNo":"Yes","estimatedAmount":4000000.0,"inflatedAmount":5105000.0},{"goalDescriptionId":1,"goalDescription":"Self Marriage","yearofRealization":2036,"age":40,"frequency":0,"frequencyDesc":"Only once","loanYesNo":"Yes","estimatedAmount":4000000.0,"inflatedAmount":5105000.0}],"fpmasterassumption":{"fpmiscassumptions":{"id":1,"assumptionId":0,"customerId":"Default","retirementAge":60,"lifeExpectancy":85,"amountInvestedToMmf":80.0,"rateOfGrowthOfFd":7.0,"longTermInflationExpectation":5.0,"postRetirementRecurringExpense":75.0},"fploanassumptions":[{"id":1,"assumptionId":0,"customerId":"Default","loanAssumptionId":1,"loanTypeDescription":"Education","loanDuration":10,"interestRate":12.0,"downPaymentPercent":10.0},{"id":2,"assumptionId":0,"customerId":"Default","loanAssumptionId":2,"loanTypeDescription":"House","loanDuration":20,"interestRate":10.0,"downPaymentPercent":10.0},{"id":3,"assumptionId":0,"customerId":"Default","loanAssumptionId":3,"loanTypeDescription":"Car","loanDuration":5,"interestRate":13.0,"downPaymentPercent":10.0},{"id":4,"assumptionId":0,"customerId":"Default","loanAssumptionId":4,"loanTypeDescription":"Personal","loanDuration":5,"interestRate":15.0,"downPaymentPercent":10.0}],"fpsalaryexpenseincrement":[{"incrementAssumptionId":1,"assumptionId":0,"customerId":"Default","lowerLimitAge":0,"upperLimitAge":28,"selfSalaryIncreaseRate":10.0,"spouseSalaryIncreaseRate":10.0,"expenseIncreaseRate":12.0},{"incrementAssumptionId":2,"assumptionId":0,"customerId":"Default","lowerLimitAge":28,"upperLimitAge":35,"selfSalaryIncreaseRate":8.0,"spouseSalaryIncreaseRate":8.0,"expenseIncreaseRate":9.0},{"incrementAssumptionId":3,"assumptionId":0,"customerId":"Default","lowerLimitAge":35,"upperLimitAge":50,"selfSalaryIncreaseRate":8.0,"spouseSalaryIncreaseRate":8.0,"expenseIncreaseRate":8.0},{"incrementAssumptionId":4,"assumptionId":0,"customerId":"Default","lowerLimitAge":50,"upperLimitAge":60,"selfSalaryIncreaseRate":5.0,"spouseSalaryIncreaseRate":5.0,"expenseIncreaseRate":8.0},{"incrementAssumptionId":5,"assumptionId":0,"customerId":"Default","lowerLimitAge":60,"upperLimitAge":80,"selfSalaryIncreaseRate":0.0,"spouseSalaryIncreaseRate":0.0,"expenseIncreaseRate":5.0},{"incrementAssumptionId":6,"assumptionId":0,"customerId":"Default","lowerLimitAge":80,"upperLimitAge":150,"selfSalaryIncreaseRate":0.0,"spouseSalaryIncreaseRate":0.0,"expenseIncreaseRate":5.0}]},"riskGroupId":1,"savingsRate":67.0,"redirectInfo":true}